"0","df <- df%>%"
"0","  mutate("
"0","    TotalCharges= as.numeric(TotalCharges),"
"0","    SeniorCitizen= factor(SeniorCitizen, levels = c(0,1), labels = c(""No"",""Yes"")),"
"0","    Churn = factor(Churn, levels= c(""No"", ""Yes""))"
"0","  ) %>%"
"0","  select(-customerID)%>%"
"0","  drop_na(TotalCharges)"
"0",""
"0","#sanity check: no missing values left"
"0","colSums(is.na(df))"
"1","          gender "
"1","   SeniorCitizen "
"1","         Partner "
"1","
"
"1","               0 "
"1","               0 "
"1","               0 "
"1","
"
"1","      Dependents "
"1","          tenure "
"1","    PhoneService "
"1","
"
"1","               0 "
"1","               0 "
"1","               0 "
"1","
"
"1","   MultipleLines "
"1"," InternetService "
"1","  OnlineSecurity "
"1","
"
"1","               0 "
"1","               0 "
"1","               0 "
"1","
"
"1","    OnlineBackup "
"1","DeviceProtection "
"1","     TechSupport "
"1","
"
"1","               0 "
"1","               0 "
"1","               0 "
"1","
"
"1","     StreamingTV "
"1"," StreamingMovies "
"1","        Contract "
"1","
"
"1","               0 "
"1","               0 "
"1","               0 "
"1","
"
"1","PaperlessBilling "
"1","   PaymentMethod "
"1","  MonthlyCharges "
"1","
"
"1","               0 "
"1","               0 "
"1","               0 "
"1","
"
"1","    TotalCharges "
"1","           Churn "
"1","
"
"1","               0 "
"1","               0 "
"1","
"
