"0","returns <- prices %>%"
"0","  mutate(across(-date, ~ (. / first(.) - 1) * 100))"
"0",""
"0","returns_long <- tidyr::pivot_longer(returns, -date,"
"0","                                     names_to = ""stock"","
"0","                                     values_to = ""return_pct"")"
"0",""
"0","ggplot(returns_long, aes(x = date, y = return_pct, color = stock)) +"
"0","  geom_line() +"
"0","  geom_hline(yintercept = 0, linetype = ""dashed"", color = ""gray"") +"
"0","  labs(title = ""Cumulative % Return Since Jan 2024"","
"0","       x = ""Date"", y = ""Return (%)"") +"
"0","  theme_minimal()"
