"0"," df <- read_csv(""data/Telco-Customer-Churn.csv"")"
"0",""
"0","glimpse(df)"
"1","Rows: 7,043"
"1",""
"1","
"
"1","Columns: 21"
"1",""
"1","
"
"1","$ customerID       [3m[38;5;246m<chr>[39m[23m ""7590-VHVEG""[38;5;246m, [39m""5575-GNVDE""[38;5;246m, [39m""3668-…
$ gender           [3m[38;5;246m<chr>[39m[23m ""Female""[38;5;246m, [39m""Male""[38;5;246m, [39m""Male""[38;5;246m, [39m""Male""[38;5;246m, [39m…
$ SeniorCitizen    [3m[38;5;246m<dbl>[39m[23m 0[38;5;246m, [39m0[38;5;246m, [39m0[38;5;246m, [39m0[38;5;246m, [39m0[38;5;246m, [39m0[38;5;246m, [39m0[38;5;246m, [39m0[38;5;246m, [39m0[38;5;246m, [39m0[38;5;246m, [39m0[38;5;246m, [39m0…
$ Partner          [3m[38;5;246m<chr>[39m[23m ""Yes""[38;5;246m, [39m""No""[38;5;246m, [39m""No""[38;5;246m, [39m""No""[38;5;246m, [39m""No""[38;5;246m, [39m""No…
$ Dependents       [3m[38;5;246m<chr>[39m[23m ""No""[38;5;246m, [39m""No""[38;5;246m, [39m""No""[38;5;246m, [39m""No""[38;5;246m, [39m""No""[38;5;246m, [39m""No""…
$ tenure           [3m[38;5;246m<dbl>[39m[23m 1[38;5;246m, [39m34[38;5;246m, [39m2[38;5;246m, [39m45[38;5;246m, [39m2[38;5;246m, [39m8[38;5;246m, [39m22[38;5;246m, [39m10[38;5;246m, [39m28[38;5;246m, [39m62…
$ PhoneService     [3m[38;5;246m<chr>[39m[23m ""No""[38;5;246m, [39m""Yes""[38;5;246m, [39m""Yes""[38;5;246m, [39m""No""[38;5;246m, [39m""Yes""[38;5;246m, [39m""…
$ MultipleLines    [3m[38;5;246m<chr>[39m[23m ""No phone service""[38;5;246m, [39m""No""[38;5;246m, [39m""No""[38;5;246m, [39m""N…
$ InternetService  [3m[38;5;246m<chr>[39m[23m ""DSL""[38;5;246m, [39m""DSL""[38;5;246m, [39m""DSL""[38;5;246m, [39m""DSL""[38;5;246m, [39m""Fiber…
$ OnlineSecurity   [3m[38;5;246m<chr>[39m[23m ""No""[38;5;246m, [39m""Yes""[38;5;246m, [39m""Yes""[38;5;246m, [39m""Yes""[38;5;246m, [39m""No""[38;5;246m, [39m""…
$ OnlineBackup     [3m[38;5;246m<chr>[39m[23m ""Yes""[38;5;246m, [39m""No""[38;5;246m, [39m""Yes""[38;5;246m, [39m""No""[38;5;246m, [39m""No""[38;5;246m, [39m""N…
$ DeviceProtection [3m[38;5;246m<chr>[39m[23m ""No""[38;5;246m, [39m""Yes""[38;5;246m, [39m""No""[38;5;246m, [39m""Yes""[38;5;246m, [39m""No""[38;5;246m, [39m""Y…
$ TechSupport      [3m[38;5;246m<chr>[39m[23m ""No""[38;5;246m, [39m""No""[38;5;246m, [39m""No""[38;5;246m, [39m""Yes""[38;5;246m, [39m""No""[38;5;246m, [39m""No…
$ StreamingTV      [3m[38;5;246m<chr>[39m[23m ""No""[38;5;246m, [39m""No""[38;5;246m, [39m""No""[38;5;246m, [39m""No""[38;5;246m, [39m""No""[38;5;246m, [39m""Yes…
$ StreamingMovies  [3m[38;5;246m<chr>[39m[23m ""No""[38;5;246m, [39m""No""[38;5;246m, [39m""No""[38;5;246m, [39m""No""[38;5;246m, [39m""No""[38;5;246m, [39m""Yes…
$ Contract         [3m[38;5;246m<chr>[39m[23m ""Month-to-month""[38;5;246m, [39m""One year""[38;5;246m, [39m""Mon…
$ PaperlessBilling [3m[38;5;246m<chr>[39m[23m ""Yes""[38;5;246m, [39m""No""[38;5;246m, [39m""Yes""[38;5;246m, [39m""No""[38;5;246m, [39m""Yes""[38;5;246m, [39m""…
$ PaymentMethod    [3m[38;5;246m<chr>[39m[23m ""Electronic check""[38;5;246m, [39m""Mailed check""…
$ MonthlyCharges   [3m[38;5;246m<dbl>[39m[23m 29.85[38;5;246m, [39m56.95[38;5;246m, [39m53.85[38;5;246m, [39m42.30[38;5;246m, [39m70.70[38;5;246m,[39m…
$ TotalCharges     [3m[38;5;246m<dbl>[39m[23m 29.85[38;5;246m, [39m1889.50[38;5;246m, [39m108.15[38;5;246m, [39m1840.75[38;5;246m, [39m1…
$ Churn            [3m[38;5;246m<chr>[39m[23m ""No""[38;5;246m, [39m""No""[38;5;246m, [39m""Yes""[38;5;246m, [39m""No""[38;5;246m, [39m""Yes""[38;5;246m, [39m""Y…"
"1",""
"1","
"
"0","summary(df) "
"1",""
"1","  customerID       "
"1","    gender         "
"1"," SeniorCitizen   "
"1","
"
"1"," Length:7043       "
"1"," Length:7043       "
"1"," Min.   :0.0000  "
"1","
"
"1"," Class :character  "
"1"," Class :character  "
"1"," 1st Qu.:0.0000  "
"1","
"
"1"," Mode  :character  "
"1"," Mode  :character  "
"1"," Median :0.0000  "
"1","
"
"1","                   "
"1","                   "
"1"," Mean   :0.1621  "
"1","
"
"1","                   "
"1","                   "
"1"," 3rd Qu.:0.0000  "
"1","
"
"1","                   "
"1","                   "
"1"," Max.   :1.0000  "
"1","
"
"1","                   "
"1","                   "
"1","                 "
"1","
"
"1",""
"1","   Partner         "
"1","  Dependents       "
"1","     tenure     "
"1","
"
"1"," Length:7043       "
"1"," Length:7043       "
"1"," Min.   : 0.00  "
"1","
"
"1"," Class :character  "
"1"," Class :character  "
"1"," 1st Qu.: 9.00  "
"1","
"
"1"," Mode  :character  "
"1"," Mode  :character  "
"1"," Median :29.00  "
"1","
"
"1","                   "
"1","                   "
"1"," Mean   :32.37  "
"1","
"
"1","                   "
"1","                   "
"1"," 3rd Qu.:55.00  "
"1","
"
"1","                   "
"1","                   "
"1"," Max.   :72.00  "
"1","
"
"1","                   "
"1","                   "
"1","                "
"1","
"
"1",""
"1"," PhoneService      "
"1"," MultipleLines     "
"1"," InternetService   "
"1","
"
"1"," Length:7043       "
"1"," Length:7043       "
"1"," Length:7043       "
"1","
"
"1"," Class :character  "
"1"," Class :character  "
"1"," Class :character  "
"1","
"
"1"," Mode  :character  "
"1"," Mode  :character  "
"1"," Mode  :character  "
"1","
"
"1","                   "
"1","                   "
"1","                   "
"1","
"
"1","                   "
"1","                   "
"1","                   "
"1","
"
"1","                   "
"1","                   "
"1","                   "
"1","
"
"1","                   "
"1","                   "
"1","                   "
"1","
"
"1",""
"1"," OnlineSecurity    "
"1"," OnlineBackup      "
"1"," DeviceProtection  "
"1","
"
"1"," Length:7043       "
"1"," Length:7043       "
"1"," Length:7043       "
"1","
"
"1"," Class :character  "
"1"," Class :character  "
"1"," Class :character  "
"1","
"
"1"," Mode  :character  "
"1"," Mode  :character  "
"1"," Mode  :character  "
"1","
"
"1","                   "
"1","                   "
"1","                   "
"1","
"
"1","                   "
"1","                   "
"1","                   "
"1","
"
"1","                   "
"1","                   "
"1","                   "
"1","
"
"1","                   "
"1","                   "
"1","                   "
"1","
"
"1",""
"1"," TechSupport       "
"1"," StreamingTV       "
"1"," StreamingMovies   "
"1","
"
"1"," Length:7043       "
"1"," Length:7043       "
"1"," Length:7043       "
"1","
"
"1"," Class :character  "
"1"," Class :character  "
"1"," Class :character  "
"1","
"
"1"," Mode  :character  "
"1"," Mode  :character  "
"1"," Mode  :character  "
"1","
"
"1","                   "
"1","                   "
"1","                   "
"1","
"
"1","                   "
"1","                   "
"1","                   "
"1","
"
"1","                   "
"1","                   "
"1","                   "
"1","
"
"1","                   "
"1","                   "
"1","                   "
"1","
"
"1",""
"1","   Contract        "
"1"," PaperlessBilling  "
"1"," PaymentMethod     "
"1","
"
"1"," Length:7043       "
"1"," Length:7043       "
"1"," Length:7043       "
"1","
"
"1"," Class :character  "
"1"," Class :character  "
"1"," Class :character  "
"1","
"
"1"," Mode  :character  "
"1"," Mode  :character  "
"1"," Mode  :character  "
"1","
"
"1","                   "
"1","                   "
"1","                   "
"1","
"
"1","                   "
"1","                   "
"1","                   "
"1","
"
"1","                   "
"1","                   "
"1","                   "
"1","
"
"1","                   "
"1","                   "
"1","                   "
"1","
"
"1",""
"1"," MonthlyCharges  "
"1","  TotalCharges   "
"1","    Churn          "
"1","
"
"1"," Min.   : 18.25  "
"1"," Min.   :  18.8  "
"1"," Length:7043       "
"1","
"
"1"," 1st Qu.: 35.50  "
"1"," 1st Qu.: 401.4  "
"1"," Class :character  "
"1","
"
"1"," Median : 70.35  "
"1"," Median :1397.5  "
"1"," Mode  :character  "
"1","
"
"1"," Mean   : 64.76  "
"1"," Mean   :2283.3  "
"1","                   "
"1","
"
"1"," 3rd Qu.: 89.85  "
"1"," 3rd Qu.:3794.7  "
"1","                   "
"1","
"
"1"," Max.   :118.75  "
"1"," Max.   :8684.8  "
"1","                   "
"1","
"
"1","                 "
"1"," NA's   :11      "
"1","                   "
"1","
"
